[
  {
    "model": "admin.logentry",
    "pk": 7,
    "fields": {
      "action_time": "2020-06-30T15:38:30.774Z",
      "user": 1,
      "content_type": 12,
      "object_id": "43",
      "object_repr": "ROSA26CHRTOMATO",
      "action_flag": 1,
      "change_message": "[{\"added\": {}}]"
    }
  },
  {
    "model": "admin.logentry",
    "pk": 8,
    "fields": {
      "action_time": "2020-06-30T15:39:45.239Z",
      "user": 1,
      "content_type": 13,
      "object_id": "66",
      "object_repr": "R26WT Mix",
      "action_flag": 1,
      "change_message": "[{\"added\": {}}]"
    }
  },
  {
    "model": "admin.logentry",
    "pk": 9,
    "fields": {
      "action_time": "2020-06-30T15:40:29.406Z",
      "user": 1,
      "content_type": 16,
      "object_id": "43",
      "object_repr": "ROSA26CHRTOMATO",
      "action_flag": 1,
      "change_message": "[{\"added\": {}}, {\"added\": {\"name\": \"recipe item\", \"object\": \"Tampon\"}}, {\"added\": {\"name\": \"recipe item\", \"object\": \"DNTP\"}}, {\"added\": {\"name\": \"recipe item\", \"object\": \"Taq Maison\"}}, {\"added\": {\"name\": \"recipe item\", \"object\": \"R26WT Mix\"}}, {\"added\": {\"name\": \"recipe item\", \"object\": \"H20\"}}]"
    }
  },
  {
    "model": "admin.logentry",
    "pk": 10,
    "fields": {
      "action_time": "2020-06-30T15:40:45.910Z",
      "user": 1,
      "content_type": 15,
      "object_id": "11",
      "object_repr": "CHR",
      "action_flag": 1,
      "change_message": "[{\"added\": {}}]"
    }
  },
  {
    "model": "admin.logentry",
    "pk": 11,
    "fields": {
      "action_time": "2020-06-30T15:40:59.423Z",
      "user": 1,
      "content_type": 12,
      "object_id": "43",
      "object_repr": "ROSA26CHRTOMATO",
      "action_flag": 2,
      "change_message": "[{\"changed\": {\"fields\": [\"Recipe\", \"Program\"]}}]"
    }
  },
  {
    "model": "auth.permission",
    "pk": 1,
    "fields": {
      "name": "Can add log entry",
      "content_type": 1,
      "codename": "add_logentry"
    }
  },
  {
    "model": "auth.permission",
    "pk": 2,
    "fields": {
      "name": "Can change log entry",
      "content_type": 1,
      "codename": "change_logentry"
    }
  },
  {
    "model": "auth.permission",
    "pk": 3,
    "fields": {
      "name": "Can delete log entry",
      "content_type": 1,
      "codename": "delete_logentry"
    }
  },
  {
    "model": "auth.permission",
    "pk": 4,
    "fields": {
      "name": "Can view log entry",
      "content_type": 1,
      "codename": "view_logentry"
    }
  },
  {
    "model": "auth.permission",
    "pk": 5,
    "fields": {
      "name": "Can add permission",
      "content_type": 2,
      "codename": "add_permission"
    }
  },
  {
    "model": "auth.permission",
    "pk": 6,
    "fields": {
      "name": "Can change permission",
      "content_type": 2,
      "codename": "change_permission"
    }
  },
  {
    "model": "auth.permission",
    "pk": 7,
    "fields": {
      "name": "Can delete permission",
      "content_type": 2,
      "codename": "delete_permission"
    }
  },
  {
    "model": "auth.permission",
    "pk": 8,
    "fields": {
      "name": "Can view permission",
      "content_type": 2,
      "codename": "view_permission"
    }
  },
  {
    "model": "auth.permission",
    "pk": 9,
    "fields": {
      "name": "Can add group",
      "content_type": 3,
      "codename": "add_group"
    }
  },
  {
    "model": "auth.permission",
    "pk": 10,
    "fields": {
      "name": "Can change group",
      "content_type": 3,
      "codename": "change_group"
    }
  },
  {
    "model": "auth.permission",
    "pk": 11,
    "fields": {
      "name": "Can delete group",
      "content_type": 3,
      "codename": "delete_group"
    }
  },
  {
    "model": "auth.permission",
    "pk": 12,
    "fields": {
      "name": "Can view group",
      "content_type": 3,
      "codename": "view_group"
    }
  },
  {
    "model": "auth.permission",
    "pk": 13,
    "fields": {
      "name": "Can add user",
      "content_type": 4,
      "codename": "add_user"
    }
  },
  {
    "model": "auth.permission",
    "pk": 14,
    "fields": {
      "name": "Can change user",
      "content_type": 4,
      "codename": "change_user"
    }
  },
  {
    "model": "auth.permission",
    "pk": 15,
    "fields": {
      "name": "Can delete user",
      "content_type": 4,
      "codename": "delete_user"
    }
  },
  {
    "model": "auth.permission",
    "pk": 16,
    "fields": {
      "name": "Can view user",
      "content_type": 4,
      "codename": "view_user"
    }
  },
  {
    "model": "auth.permission",
    "pk": 17,
    "fields": {
      "name": "Can add content type",
      "content_type": 5,
      "codename": "add_contenttype"
    }
  },
  {
    "model": "auth.permission",
    "pk": 18,
    "fields": {
      "name": "Can change content type",
      "content_type": 5,
      "codename": "change_contenttype"
    }
  },
  {
    "model": "auth.permission",
    "pk": 19,
    "fields": {
      "name": "Can delete content type",
      "content_type": 5,
      "codename": "delete_contenttype"
    }
  },
  {
    "model": "auth.permission",
    "pk": 20,
    "fields": {
      "name": "Can view content type",
      "content_type": 5,
      "codename": "view_contenttype"
    }
  },
  {
    "model": "auth.permission",
    "pk": 21,
    "fields": {
      "name": "Can add session",
      "content_type": 6,
      "codename": "add_session"
    }
  },
  {
    "model": "auth.permission",
    "pk": 22,
    "fields": {
      "name": "Can change session",
      "content_type": 6,
      "codename": "change_session"
    }
  },
  {
    "model": "auth.permission",
    "pk": 23,
    "fields": {
      "name": "Can delete session",
      "content_type": 6,
      "codename": "delete_session"
    }
  },
  {
    "model": "auth.permission",
    "pk": 24,
    "fields": {
      "name": "Can view session",
      "content_type": 6,
      "codename": "view_session"
    }
  },
  {
    "model": "auth.permission",
    "pk": 25,
    "fields": {
      "name": "Can add menu item",
      "content_type": 7,
      "codename": "add_menuitem"
    }
  },
  {
    "model": "auth.permission",
    "pk": 26,
    "fields": {
      "name": "Can change menu item",
      "content_type": 7,
      "codename": "change_menuitem"
    }
  },
  {
    "model": "auth.permission",
    "pk": 27,
    "fields": {
      "name": "Can delete menu item",
      "content_type": 7,
      "codename": "delete_menuitem"
    }
  },
  {
    "model": "auth.permission",
    "pk": 28,
    "fields": {
      "name": "Can view menu item",
      "content_type": 7,
      "codename": "view_menuitem"
    }
  },
  {
    "model": "auth.permission",
    "pk": 29,
    "fields": {
      "name": "Can add menu",
      "content_type": 8,
      "codename": "add_menu"
    }
  },
  {
    "model": "auth.permission",
    "pk": 30,
    "fields": {
      "name": "Can change menu",
      "content_type": 8,
      "codename": "change_menu"
    }
  },
  {
    "model": "auth.permission",
    "pk": 31,
    "fields": {
      "name": "Can delete menu",
      "content_type": 8,
      "codename": "delete_menu"
    }
  },
  {
    "model": "auth.permission",
    "pk": 32,
    "fields": {
      "name": "Can view menu",
      "content_type": 8,
      "codename": "view_menu"
    }
  },
  {
    "model": "auth.permission",
    "pk": 33,
    "fields": {
      "name": "Can add menu item option",
      "content_type": 9,
      "codename": "add_menuitemoption"
    }
  },
  {
    "model": "auth.permission",
    "pk": 34,
    "fields": {
      "name": "Can change menu item option",
      "content_type": 9,
      "codename": "change_menuitemoption"
    }
  },
  {
    "model": "auth.permission",
    "pk": 35,
    "fields": {
      "name": "Can delete menu item option",
      "content_type": 9,
      "codename": "delete_menuitemoption"
    }
  },
  {
    "model": "auth.permission",
    "pk": 36,
    "fields": {
      "name": "Can view menu item option",
      "content_type": 9,
      "codename": "view_menuitemoption"
    }
  },
  {
    "model": "auth.permission",
    "pk": 37,
    "fields": {
      "name": "Can add batch",
      "content_type": 10,
      "codename": "add_batch"
    }
  },
  {
    "model": "auth.permission",
    "pk": 38,
    "fields": {
      "name": "Can change batch",
      "content_type": 10,
      "codename": "change_batch"
    }
  },
  {
    "model": "auth.permission",
    "pk": 39,
    "fields": {
      "name": "Can delete batch",
      "content_type": 10,
      "codename": "delete_batch"
    }
  },
  {
    "model": "auth.permission",
    "pk": 40,
    "fields": {
      "name": "Can view batch",
      "content_type": 10,
      "codename": "view_batch"
    }
  },
  {
    "model": "auth.permission",
    "pk": 41,
    "fields": {
      "name": "Can add batch item",
      "content_type": 11,
      "codename": "add_batchitem"
    }
  },
  {
    "model": "auth.permission",
    "pk": 42,
    "fields": {
      "name": "Can change batch item",
      "content_type": 11,
      "codename": "change_batchitem"
    }
  },
  {
    "model": "auth.permission",
    "pk": 43,
    "fields": {
      "name": "Can delete batch item",
      "content_type": 11,
      "codename": "delete_batchitem"
    }
  },
  {
    "model": "auth.permission",
    "pk": 44,
    "fields": {
      "name": "Can view batch item",
      "content_type": 11,
      "codename": "view_batchitem"
    }
  },
  {
    "model": "auth.permission",
    "pk": 45,
    "fields": {
      "name": "Can add gene",
      "content_type": 12,
      "codename": "add_gene"
    }
  },
  {
    "model": "auth.permission",
    "pk": 46,
    "fields": {
      "name": "Can change gene",
      "content_type": 12,
      "codename": "change_gene"
    }
  },
  {
    "model": "auth.permission",
    "pk": 47,
    "fields": {
      "name": "Can delete gene",
      "content_type": 12,
      "codename": "delete_gene"
    }
  },
  {
    "model": "auth.permission",
    "pk": 48,
    "fields": {
      "name": "Can view gene",
      "content_type": 12,
      "codename": "view_gene"
    }
  },
  {
    "model": "auth.permission",
    "pk": 49,
    "fields": {
      "name": "Can add ingredient",
      "content_type": 13,
      "codename": "add_ingredient"
    }
  },
  {
    "model": "auth.permission",
    "pk": 50,
    "fields": {
      "name": "Can change ingredient",
      "content_type": 13,
      "codename": "change_ingredient"
    }
  },
  {
    "model": "auth.permission",
    "pk": 51,
    "fields": {
      "name": "Can delete ingredient",
      "content_type": 13,
      "codename": "delete_ingredient"
    }
  },
  {
    "model": "auth.permission",
    "pk": 52,
    "fields": {
      "name": "Can view ingredient",
      "content_type": 13,
      "codename": "view_ingredient"
    }
  },
  {
    "model": "auth.permission",
    "pk": 53,
    "fields": {
      "name": "Can add nature",
      "content_type": 14,
      "codename": "add_nature"
    }
  },
  {
    "model": "auth.permission",
    "pk": 54,
    "fields": {
      "name": "Can change nature",
      "content_type": 14,
      "codename": "change_nature"
    }
  },
  {
    "model": "auth.permission",
    "pk": 55,
    "fields": {
      "name": "Can delete nature",
      "content_type": 14,
      "codename": "delete_nature"
    }
  },
  {
    "model": "auth.permission",
    "pk": 56,
    "fields": {
      "name": "Can view nature",
      "content_type": 14,
      "codename": "view_nature"
    }
  },
  {
    "model": "auth.permission",
    "pk": 57,
    "fields": {
      "name": "Can add program",
      "content_type": 15,
      "codename": "add_program"
    }
  },
  {
    "model": "auth.permission",
    "pk": 58,
    "fields": {
      "name": "Can change program",
      "content_type": 15,
      "codename": "change_program"
    }
  },
  {
    "model": "auth.permission",
    "pk": 59,
    "fields": {
      "name": "Can delete program",
      "content_type": 15,
      "codename": "delete_program"
    }
  },
  {
    "model": "auth.permission",
    "pk": 60,
    "fields": {
      "name": "Can view program",
      "content_type": 15,
      "codename": "view_program"
    }
  },
  {
    "model": "auth.permission",
    "pk": 61,
    "fields": {
      "name": "Can add recipe",
      "content_type": 16,
      "codename": "add_recipe"
    }
  },
  {
    "model": "auth.permission",
    "pk": 62,
    "fields": {
      "name": "Can change recipe",
      "content_type": 16,
      "codename": "change_recipe"
    }
  },
  {
    "model": "auth.permission",
    "pk": 63,
    "fields": {
      "name": "Can delete recipe",
      "content_type": 16,
      "codename": "delete_recipe"
    }
  },
  {
    "model": "auth.permission",
    "pk": 64,
    "fields": {
      "name": "Can view recipe",
      "content_type": 16,
      "codename": "view_recipe"
    }
  },
  {
    "model": "auth.permission",
    "pk": 65,
    "fields": {
      "name": "Can add recipe item",
      "content_type": 17,
      "codename": "add_recipeitem"
    }
  },
  {
    "model": "auth.permission",
    "pk": 66,
    "fields": {
      "name": "Can change recipe item",
      "content_type": 17,
      "codename": "change_recipeitem"
    }
  },
  {
    "model": "auth.permission",
    "pk": 67,
    "fields": {
      "name": "Can delete recipe item",
      "content_type": 17,
      "codename": "delete_recipeitem"
    }
  },
  {
    "model": "auth.permission",
    "pk": 68,
    "fields": {
      "name": "Can view recipe item",
      "content_type": 17,
      "codename": "view_recipeitem"
    }
  },
  {
    "model": "auth.permission",
    "pk": 69,
    "fields": {
      "name": "Can add menu",
      "content_type": 7,
      "codename": "add_menu"
    }
  },
  {
    "model": "auth.permission",
    "pk": 70,
    "fields": {
      "name": "Can change menu",
      "content_type": 7,
      "codename": "change_menu"
    }
  },
  {
    "model": "auth.permission",
    "pk": 71,
    "fields": {
      "name": "Can delete menu",
      "content_type": 7,
      "codename": "delete_menu"
    }
  },
  {
    "model": "auth.permission",
    "pk": 72,
    "fields": {
      "name": "Can view menu",
      "content_type": 7,
      "codename": "view_menu"
    }
  },
  {
    "model": "auth.permission",
    "pk": 73,
    "fields": {
      "name": "Can add menu item",
      "content_type": 8,
      "codename": "add_menuitem"
    }
  },
  {
    "model": "auth.permission",
    "pk": 74,
    "fields": {
      "name": "Can change menu item",
      "content_type": 8,
      "codename": "change_menuitem"
    }
  },
  {
    "model": "auth.permission",
    "pk": 75,
    "fields": {
      "name": "Can delete menu item",
      "content_type": 8,
      "codename": "delete_menuitem"
    }
  },
  {
    "model": "auth.permission",
    "pk": 76,
    "fields": {
      "name": "Can view menu item",
      "content_type": 8,
      "codename": "view_menuitem"
    }
  },
  {
    "model": "auth.user",
    "pk": 1,
    "fields": {
      "password": "pbkdf2_sha256$216000$0TaKxIhieMaP$WTm5nUrGhzwt/K1DjH+/xAPCt1W4yyoHPLL56SZuPJ8=",
      "last_login": "2020-06-30T15:37:39.611Z",
      "is_superuser": true,
      "username": "admin",
      "first_name": "",
      "last_name": "",
      "email": "boris.acalinovic@gmail.com",
      "is_staff": true,
      "is_active": true,
      "date_joined": "2020-06-10T13:11:30Z",
      "groups": [],
      "user_permissions": []
    }
  },
  {
    "model": "contenttypes.contenttype",
    "pk": 1,
    "fields": {
      "app_label": "admin",
      "model": "logentry"
    }
  },
  {
    "model": "contenttypes.contenttype",
    "pk": 2,
    "fields": {
      "app_label": "auth",
      "model": "permission"
    }
  },
  {
    "model": "contenttypes.contenttype",
    "pk": 3,
    "fields": {
      "app_label": "auth",
      "model": "group"
    }
  },
  {
    "model": "contenttypes.contenttype",
    "pk": 4,
    "fields": {
      "app_label": "auth",
      "model": "user"
    }
  },
  {
    "model": "contenttypes.contenttype",
    "pk": 5,
    "fields": {
      "app_label": "contenttypes",
      "model": "contenttype"
    }
  },
  {
    "model": "contenttypes.contenttype",
    "pk": 6,
    "fields": {
      "app_label": "sessions",
      "model": "session"
    }
  },
  {
    "model": "contenttypes.contenttype",
    "pk": 7,
    "fields": {
      "app_label": "home",
      "model": "menu"
    }
  },
  {
    "model": "contenttypes.contenttype",
    "pk": 8,
    "fields": {
      "app_label": "home",
      "model": "menuitem"
    }
  },
  {
    "model": "contenttypes.contenttype",
    "pk": 9,
    "fields": {
      "app_label": "home",
      "model": "menuitemoption"
    }
  },
  {
    "model": "contenttypes.contenttype",
    "pk": 10,
    "fields": {
      "app_label": "cookbook",
      "model": "batch"
    }
  },
  {
    "model": "contenttypes.contenttype",
    "pk": 11,
    "fields": {
      "app_label": "cookbook",
      "model": "batchitem"
    }
  },
  {
    "model": "contenttypes.contenttype",
    "pk": 12,
    "fields": {
      "app_label": "cookbook",
      "model": "gene"
    }
  },
  {
    "model": "contenttypes.contenttype",
    "pk": 13,
    "fields": {
      "app_label": "cookbook",
      "model": "ingredient"
    }
  },
  {
    "model": "contenttypes.contenttype",
    "pk": 14,
    "fields": {
      "app_label": "cookbook",
      "model": "nature"
    }
  },
  {
    "model": "contenttypes.contenttype",
    "pk": 15,
    "fields": {
      "app_label": "cookbook",
      "model": "program"
    }
  },
  {
    "model": "contenttypes.contenttype",
    "pk": 16,
    "fields": {
      "app_label": "cookbook",
      "model": "recipe"
    }
  },
  {
    "model": "contenttypes.contenttype",
    "pk": 17,
    "fields": {
      "app_label": "cookbook",
      "model": "recipeitem"
    }
  },
  {
    "model": "sessions.session",
    "pk": "1slk79z8mvfznc9a94mgmetvr74lpjor",
    "fields": {
      "session_data": ".eJxVjEsKwjAUAO-StYQmTU2fS_eeobxfTFVSaNqVeHcJdKHbmWHeZsJ9y9NedZ1mMRfjzOmXEfJTSxPywHJfLC9lW2eyLbGHrfa2iL6uR_s3yFhz2_Zn8nGIQdF3iBwwuhQ16AjQBxpoVAZgcsIgGARir8mLI5FuSJzM5wvtdjj5:1jqIKJ:DxDvNz3JabXYgCT8mveTysyzp_WO2JzXwOjktfjYRT8",
      "expire_date": "2020-07-14T15:37:39.639Z"
    }
  },
  {
    "model": "sessions.session",
    "pk": "6jqb7g6ot9fbgji8oe2l5obx1paoqp74",
    "fields": {
      "session_data": ".eJxVjEsKwjAUAO-StYQmTU2fS_eeobxfTFVSaNqVeHcJdKHbmWHeZsJ9y9NedZ1mMRfjzOmXEfJTSxPywHJfLC9lW2eyLbGHrfa2iL6uR_s3yFhz2_Zn8nGIQdF3iBwwuhQ16AjQBxpoVAZgcsIgGARir8mLI5FuSJzM5wvtdjj5:1jnS76:Xx3mLcMbq4Fu_HzrUfCkzuLj_3z2t9CjMFEo8RUqyBk",
      "expire_date": "2020-07-06T19:28:16.274Z"
    }
  },
  {
    "model": "sessions.session",
    "pk": "p8xoftbi9mmp2uy6k6f8dx9z6mao8fzu",
    "fields": {
      "session_data": "Y2MyOGQxYjg5MWFmYjE5MGU0MTRmOGZmM2VjOTRmMWVjMDFiMWY2Zjp7Il9hdXRoX3VzZXJfaWQiOiIxIiwiX2F1dGhfdXNlcl9iYWNrZW5kIjoiZGphbmdvLmNvbnRyaWIuYXV0aC5iYWNrZW5kcy5Nb2RlbEJhY2tlbmQiLCJfYXV0aF91c2VyX2hhc2giOiIwYTdiNzViZGU5MjcwNjgzNzlkNzE1NmNiODc0YThlMzk0Yjg0ZGM0In0=",
      "expire_date": "2020-06-25T10:48:57Z"
    }
  },
  {
    "model": "sessions.session",
    "pk": "rtz0qxtkoz4u3tax9bxnhqihwd47729x",
    "fields": {
      "session_data": "Y2MyOGQxYjg5MWFmYjE5MGU0MTRmOGZmM2VjOTRmMWVjMDFiMWY2Zjp7Il9hdXRoX3VzZXJfaWQiOiIxIiwiX2F1dGhfdXNlcl9iYWNrZW5kIjoiZGphbmdvLmNvbnRyaWIuYXV0aC5iYWNrZW5kcy5Nb2RlbEJhY2tlbmQiLCJfYXV0aF91c2VyX2hhc2giOiIwYTdiNzViZGU5MjcwNjgzNzlkNzE1NmNiODc0YThlMzk0Yjg0ZGM0In0=",
      "expire_date": "2020-06-24T13:11:52Z"
    }
  },
  {
    "model": "home.menu",
    "pk": 1,
    "fields": {
      "name": "cookbook",
      "label": "Cookbook",
      "parent": null,
      "order_nbr": 1,
      "gui_menu": false
    }
  },
  {
    "model": "home.menu",
    "pk": 2,
    "fields": {
      "name": "batches",
      "label": "Batches",
      "parent": 1,
      "order_nbr": 1,
      "gui_menu": false
    }
  },
  {
    "model": "home.menu",
    "pk": 3,
    "fields": {
      "name": "file",
      "label": "File",
      "parent": null,
      "order_nbr": 1,
      "gui_menu": true
    }
  },
  {
    "model": "home.menu",
    "pk": 4,
    "fields": {
      "name": "gene",
      "label": "Gene",
      "parent": null,
      "order_nbr": 2,
      "gui_menu": true
    }
  },
  {
    "model": "home.menuitem",
    "pk": 1,
    "fields": {
      "name": "list",
      "label": "List",
      "command": "batch_index",
      "parent": 2,
      "order_nbr": 1
    }
  },
  {
    "model": "home.menuitem",
    "pk": 3,
    "fields": {
      "name": "process",
      "label": "Process",
      "command": "batch_process",
      "parent": 2,
      "order_nbr": 2
    }
  },
  {
    "model": "home.menuitem",
    "pk": 4,
    "fields": {
      "name": "print",
      "label": "Print",
      "command": "batch_report",
      "parent": 2,
      "order_nbr": 3
    }
  },
  {
    "model": "home.menuitem",
    "pk": 5,
    "fields": {
      "name": "app_exit",
      "label": "Exit",
      "command": "WidgetRegistry.select('root_frame').parent.close()",
      "parent": 3,
      "order_nbr": 1
    }
  },
  {
    "model": "home.menuitem",
    "pk": 6,
    "fields": {
      "name": "gene_list",
      "label": "List",
      "command": "print(ProcessRegistry.objects())",
      "parent": 4,
      "order_nbr": 1
    }
  },
  {
    "model": "home.menuitem",
    "pk": 7,
    "fields": {
      "name": "gene_test",
      "label": "Test",
      "command": "gene_test()",
      "parent": 4,
      "order_nbr": 2
    }
  },
  {
    "model": "home.menuitem",
    "pk": 8,
    "fields": {
      "name": "home_test",
      "label": "Test",
      "command": "home_test()",
      "parent": 3,
      "order_nbr": 2
    }
  },
  {
    "model": "cookbook.batch",
    "pk": 99,
    "fields": {
      "gene": 38,
      "quantity": 0,
      "date_created": "2020-06-30T17:10:03.821Z",
      "date_modified": null
    }
  },
  {
    "model": "cookbook.batchitem",
    "pk": 3490,
    "fields": {
      "batch": 99,
      "ingredient": 2,
      "computed_vol": 10.0,
      "is_manual": 0
    }
  },
  {
    "model": "cookbook.batchitem",
    "pk": 3491,
    "fields": {
      "batch": 99,
      "ingredient": 4,
      "computed_vol": 2.0,
      "is_manual": 0
    }
  },
  {
    "model": "cookbook.batchitem",
    "pk": 3492,
    "fields": {
      "batch": 99,
      "ingredient": 5,
      "computed_vol": 4.0,
      "is_manual": 0
    }
  },
  {
    "model": "cookbook.batchitem",
    "pk": 3493,
    "fields": {
      "batch": 99,
      "ingredient": 37,
      "computed_vol": 4.0,
      "is_manual": 0
    }
  },
  {
    "model": "cookbook.batchitem",
    "pk": 3494,
    "fields": {
      "batch": 99,
      "ingredient": 38,
      "computed_vol": 4.0,
      "is_manual": 0
    }
  },
  {
    "model": "cookbook.batchitem",
    "pk": 3495,
    "fields": {
      "batch": 99,
      "ingredient": 39,
      "computed_vol": 4.0,
      "is_manual": 0
    }
  },
  {
    "model": "cookbook.batchitem",
    "pk": 3496,
    "fields": {
      "batch": 99,
      "ingredient": 1,
      "computed_vol": 60.0,
      "is_manual": 0
    }
  },
  {
    "model": "cookbook.gene",
    "pk": 21,
    "fields": {
      "name": "A2ACRE",
      "description": "",
      "recipe": 21,
      "program": 1,
      "used_in_batch": false
    }
  },
  {
    "model": "cookbook.gene",
    "pk": 22,
    "fields": {
      "name": "DRD1CRE",
      "description": "",
      "recipe": 22,
      "program": 1,
      "used_in_batch": false
    }
  },
  {
    "model": "cookbook.gene",
    "pk": 23,
    "fields": {
      "name": "DATCRE",
      "description": "",
      "recipe": 23,
      "program": 1,
      "used_in_batch": false
    }
  },
  {
    "model": "cookbook.gene",
    "pk": 24,
    "fields": {
      "name": "GAD2CRE",
      "description": "",
      "recipe": 24,
      "program": 1,
      "used_in_batch": false
    }
  },
  {
    "model": "cookbook.gene",
    "pk": 25,
    "fields": {
      "name": "PVFLP",
      "description": "",
      "recipe": 25,
      "program": 1,
      "used_in_batch": false
    }
  },
  {
    "model": "cookbook.gene",
    "pk": 26,
    "fields": {
      "name": "SERTCRE",
      "description": "",
      "recipe": 26,
      "program": 1,
      "used_in_batch": false
    }
  },
  {
    "model": "cookbook.gene",
    "pk": 27,
    "fields": {
      "name": "DBHCRE",
      "description": "",
      "recipe": 27,
      "program": 1,
      "used_in_batch": false
    }
  },
  {
    "model": "cookbook.gene",
    "pk": 28,
    "fields": {
      "name": "INTRACRE",
      "description": "",
      "recipe": 28,
      "program": 2,
      "used_in_batch": false
    }
  },
  {
    "model": "cookbook.gene",
    "pk": 29,
    "fields": {
      "name": "ROSA123",
      "description": "",
      "recipe": 29,
      "program": 2,
      "used_in_batch": false
    }
  },
  {
    "model": "cookbook.gene",
    "pk": 30,
    "fields": {
      "name": "SLC17CRE",
      "description": "",
      "recipe": 30,
      "program": 2,
      "used_in_batch": false
    }
  },
  {
    "model": "cookbook.gene",
    "pk": 31,
    "fields": {
      "name": "GCAMP",
      "description": "",
      "recipe": 31,
      "program": 3,
      "used_in_batch": false
    }
  },
  {
    "model": "cookbook.gene",
    "pk": 32,
    "fields": {
      "name": "D1FLP",
      "description": "",
      "recipe": 32,
      "program": 3,
      "used_in_batch": false
    }
  },
  {
    "model": "cookbook.gene",
    "pk": 33,
    "fields": {
      "name": "MTOR",
      "description": "",
      "recipe": 33,
      "program": 9,
      "used_in_batch": false
    }
  },
  {
    "model": "cookbook.gene",
    "pk": 34,
    "fields": {
      "name": "D1GFP",
      "description": "",
      "recipe": 34,
      "program": 10,
      "used_in_batch": false
    }
  },
  {
    "model": "cookbook.gene",
    "pk": 35,
    "fields": {
      "name": "PVCRE",
      "description": "",
      "recipe": 35,
      "program": 7,
      "used_in_batch": false
    }
  },
  {
    "model": "cookbook.gene",
    "pk": 36,
    "fields": {
      "name": "SEPW1",
      "description": "",
      "recipe": 36,
      "program": 5,
      "used_in_batch": false
    }
  },
  {
    "model": "cookbook.gene",
    "pk": 37,
    "fields": {
      "name": "CHATCRE",
      "description": "",
      "recipe": 37,
      "program": 6,
      "used_in_batch": false
    }
  },
  {
    "model": "cookbook.gene",
    "pk": 38,
    "fields": {
      "name": "SSTCRE",
      "description": "",
      "recipe": 38,
      "program": 4,
      "used_in_batch": true
    }
  },
  {
    "model": "cookbook.gene",
    "pk": 39,
    "fields": {
      "name": "SYT17CRE",
      "description": "",
      "recipe": 39,
      "program": 1,
      "used_in_batch": false
    }
  },
  {
    "model": "cookbook.gene",
    "pk": 40,
    "fields": {
      "name": "GRIN",
      "description": "",
      "recipe": 40,
      "program": 8,
      "used_in_batch": false
    }
  },
  {
    "model": "cookbook.gene",
    "pk": 41,
    "fields": {
      "name": "DRD1TOMATO",
      "description": "",
      "recipe": 41,
      "program": 1,
      "used_in_batch": false
    }
  },
  {
    "model": "cookbook.gene",
    "pk": 42,
    "fields": {
      "name": "D2CRE",
      "description": "",
      "recipe": 42,
      "program": 1,
      "used_in_batch": false
    }
  },
  {
    "model": "cookbook.gene",
    "pk": 43,
    "fields": {
      "name": "ROSA26CHRTOMATO",
      "description": "",
      "recipe": 43,
      "program": 11,
      "used_in_batch": false
    }
  },
  {
    "model": "cookbook.ingredient",
    "pk": 1,
    "fields": {
      "name": "H20",
      "description": null,
      "nature": 1
    }
  },
  {
    "model": "cookbook.ingredient",
    "pk": 2,
    "fields": {
      "name": "Tampon",
      "description": null,
      "nature": 2
    }
  },
  {
    "model": "cookbook.ingredient",
    "pk": 3,
    "fields": {
      "name": "Tampon Q",
      "description": null,
      "nature": 2
    }
  },
  {
    "model": "cookbook.ingredient",
    "pk": 4,
    "fields": {
      "name": "DNTP",
      "description": null,
      "nature": 5
    }
  },
  {
    "model": "cookbook.ingredient",
    "pk": 5,
    "fields": {
      "name": "Taq Maison",
      "description": null,
      "nature": 4
    }
  },
  {
    "model": "cookbook.ingredient",
    "pk": 6,
    "fields": {
      "name": "Taq Qiagen",
      "description": null,
      "nature": 4
    }
  },
  {
    "model": "cookbook.ingredient",
    "pk": 7,
    "fields": {
      "name": "Cre 301",
      "description": null,
      "nature": 3
    }
  },
  {
    "model": "cookbook.ingredient",
    "pk": 8,
    "fields": {
      "name": "Cre 50",
      "description": null,
      "nature": 3
    }
  },
  {
    "model": "cookbook.ingredient",
    "pk": 9,
    "fields": {
      "name": "D1Cre 104",
      "description": null,
      "nature": 3
    }
  },
  {
    "model": "cookbook.ingredient",
    "pk": 10,
    "fields": {
      "name": "D1Cre  204",
      "description": null,
      "nature": 3
    }
  },
  {
    "model": "cookbook.ingredient",
    "pk": 11,
    "fields": {
      "name": "Fdaticre",
      "description": null,
      "nature": 3
    }
  },
  {
    "model": "cookbook.ingredient",
    "pk": 12,
    "fields": {
      "name": "Rdaticre",
      "description": null,
      "nature": 3
    }
  },
  {
    "model": "cookbook.ingredient",
    "pk": 13,
    "fields": {
      "name": "GadWTfor",
      "description": null,
      "nature": 3
    }
  },
  {
    "model": "cookbook.ingredient",
    "pk": 14,
    "fields": {
      "name": "GadWTrev",
      "description": null,
      "nature": 3
    }
  },
  {
    "model": "cookbook.ingredient",
    "pk": 15,
    "fields": {
      "name": "GadMUTfor",
      "description": null,
      "nature": 3
    }
  },
  {
    "model": "cookbook.ingredient",
    "pk": 16,
    "fields": {
      "name": "GadMUTrev",
      "description": null,
      "nature": 3
    }
  },
  {
    "model": "cookbook.ingredient",
    "pk": 17,
    "fields": {
      "name": "Syt17for",
      "description": null,
      "nature": 3
    }
  },
  {
    "model": "cookbook.ingredient",
    "pk": 18,
    "fields": {
      "name": "Syt17R1",
      "description": null,
      "nature": 3
    }
  },
  {
    "model": "cookbook.ingredient",
    "pk": 19,
    "fields": {
      "name": "Slc6a4F2",
      "description": null,
      "nature": 3
    }
  },
  {
    "model": "cookbook.ingredient",
    "pk": 20,
    "fields": {
      "name": "CreGSR1",
      "description": null,
      "nature": 3
    }
  },
  {
    "model": "cookbook.ingredient",
    "pk": 21,
    "fields": {
      "name": "DBHfor",
      "description": null,
      "nature": 3
    }
  },
  {
    "model": "cookbook.ingredient",
    "pk": 22,
    "fields": {
      "name": "IntraF",
      "description": null,
      "nature": 3
    }
  },
  {
    "model": "cookbook.ingredient",
    "pk": 23,
    "fields": {
      "name": "IntraB",
      "description": null,
      "nature": 3
    }
  },
  {
    "model": "cookbook.ingredient",
    "pk": 24,
    "fields": {
      "name": "Rosa1",
      "description": null,
      "nature": 3
    }
  },
  {
    "model": "cookbook.ingredient",
    "pk": 25,
    "fields": {
      "name": "Rosa2",
      "description": null,
      "nature": 3
    }
  },
  {
    "model": "cookbook.ingredient",
    "pk": 26,
    "fields": {
      "name": "Rosa3",
      "description": null,
      "nature": 3
    }
  },
  {
    "model": "cookbook.ingredient",
    "pk": 27,
    "fields": {
      "name": "VglutWT",
      "description": null,
      "nature": 3
    }
  },
  {
    "model": "cookbook.ingredient",
    "pk": 28,
    "fields": {
      "name": "VglutCOM",
      "description": null,
      "nature": 3
    }
  },
  {
    "model": "cookbook.ingredient",
    "pk": 29,
    "fields": {
      "name": "VglutMUT",
      "description": null,
      "nature": 3
    }
  },
  {
    "model": "cookbook.ingredient",
    "pk": 30,
    "fields": {
      "name": "GcampF",
      "description": null,
      "nature": 3
    }
  },
  {
    "model": "cookbook.ingredient",
    "pk": 31,
    "fields": {
      "name": "GcampR",
      "description": null,
      "nature": 3
    }
  },
  {
    "model": "cookbook.ingredient",
    "pk": 32,
    "fields": {
      "name": "GcampN",
      "description": null,
      "nature": 3
    }
  },
  {
    "model": "cookbook.ingredient",
    "pk": 33,
    "fields": {
      "name": "Flpf",
      "description": null,
      "nature": 3
    }
  },
  {
    "model": "cookbook.ingredient",
    "pk": 34,
    "fields": {
      "name": "Yfpr",
      "description": null,
      "nature": 3
    }
  },
  {
    "model": "cookbook.ingredient",
    "pk": 35,
    "fields": {
      "name": "NeoF",
      "description": null,
      "nature": 3
    }
  },
  {
    "model": "cookbook.ingredient",
    "pk": 36,
    "fields": {
      "name": "NeoR",
      "description": null,
      "nature": 3
    }
  },
  {
    "model": "cookbook.ingredient",
    "pk": 37,
    "fields": {
      "name": "11224",
      "description": null,
      "nature": 3
    }
  },
  {
    "model": "cookbook.ingredient",
    "pk": 38,
    "fields": {
      "name": "11225WT",
      "description": null,
      "nature": 3
    }
  },
  {
    "model": "cookbook.ingredient",
    "pk": 39,
    "fields": {
      "name": "9989MUT",
      "description": null,
      "nature": 3
    }
  },
  {
    "model": "cookbook.ingredient",
    "pk": 40,
    "fields": {
      "name": "SepW1",
      "description": null,
      "nature": 3
    }
  },
  {
    "model": "cookbook.ingredient",
    "pk": 41,
    "fields": {
      "name": "SepR1",
      "description": null,
      "nature": 3
    }
  },
  {
    "model": "cookbook.ingredient",
    "pk": 42,
    "fields": {
      "name": "6216WT",
      "description": null,
      "nature": 3
    }
  },
  {
    "model": "cookbook.ingredient",
    "pk": 43,
    "fields": {
      "name": "6217COM",
      "description": null,
      "nature": 3
    }
  },
  {
    "model": "cookbook.ingredient",
    "pk": 44,
    "fields": {
      "name": "6218MUT",
      "description": null,
      "nature": 3
    }
  },
  {
    "model": "cookbook.ingredient",
    "pk": 45,
    "fields": {
      "name": "10358COM",
      "description": null,
      "nature": 3
    }
  },
  {
    "model": "cookbook.ingredient",
    "pk": 46,
    "fields": {
      "name": "10359WT",
      "description": null,
      "nature": 3
    }
  },
  {
    "model": "cookbook.ingredient",
    "pk": 47,
    "fields": {
      "name": "10360MUT",
      "description": null,
      "nature": 3
    }
  },
  {
    "model": "cookbook.ingredient",
    "pk": 48,
    "fields": {
      "name": "LoxP2",
      "description": null,
      "nature": 3
    }
  },
  {
    "model": "cookbook.ingredient",
    "pk": 49,
    "fields": {
      "name": "LoxP3",
      "description": null,
      "nature": 3
    }
  },
  {
    "model": "cookbook.ingredient",
    "pk": 50,
    "fields": {
      "name": "Mtor11COM",
      "description": null,
      "nature": 3
    }
  },
  {
    "model": "cookbook.ingredient",
    "pk": 51,
    "fields": {
      "name": "Mtor14",
      "description": null,
      "nature": 3
    }
  },
  {
    "model": "cookbook.ingredient",
    "pk": 52,
    "fields": {
      "name": "Mtor16",
      "description": null,
      "nature": 3
    }
  },
  {
    "model": "cookbook.ingredient",
    "pk": 53,
    "fields": {
      "name": "D1GFPFOR",
      "description": null,
      "nature": 3
    }
  },
  {
    "model": "cookbook.ingredient",
    "pk": 54,
    "fields": {
      "name": "D1GFPREV",
      "description": null,
      "nature": 3
    }
  },
  {
    "model": "cookbook.ingredient",
    "pk": 55,
    "fields": {
      "name": "PvFlpWTFOR",
      "description": null,
      "nature": 3
    }
  },
  {
    "model": "cookbook.ingredient",
    "pk": 56,
    "fields": {
      "name": "PvFlpWTREV",
      "description": null,
      "nature": 3
    }
  },
  {
    "model": "cookbook.ingredient",
    "pk": 57,
    "fields": {
      "name": "PvFlpMUTFOR",
      "description": null,
      "nature": 3
    }
  },
  {
    "model": "cookbook.ingredient",
    "pk": 58,
    "fields": {
      "name": "PvFlpMUTREV",
      "description": null,
      "nature": 3
    }
  },
  {
    "model": "cookbook.ingredient",
    "pk": 59,
    "fields": {
      "name": "Mix Oligos",
      "description": "",
      "nature": 3
    }
  },
  {
    "model": "cookbook.ingredient",
    "pk": 60,
    "fields": {
      "name": "Mix 1114",
      "description": "",
      "nature": 3
    }
  },
  {
    "model": "cookbook.ingredient",
    "pk": 62,
    "fields": {
      "name": "D1TOM",
      "description": "",
      "nature": 3
    }
  },
  {
    "model": "cookbook.ingredient",
    "pk": 63,
    "fields": {
      "name": "CPI",
      "description": "",
      "nature": 3
    }
  },
  {
    "model": "cookbook.ingredient",
    "pk": 64,
    "fields": {
      "name": "D2CREFOR",
      "description": "",
      "nature": 3
    }
  },
  {
    "model": "cookbook.ingredient",
    "pk": 65,
    "fields": {
      "name": "D2CREREV",
      "description": "",
      "nature": 3
    }
  },
  {
    "model": "cookbook.ingredient",
    "pk": 66,
    "fields": {
      "name": "R26WT Mix",
      "description": "",
      "nature": 3
    }
  },
  {
    "model": "cookbook.nature",
    "pk": 1,
    "fields": {
      "name": "EAU",
      "description": null
    }
  },
  {
    "model": "cookbook.nature",
    "pk": 2,
    "fields": {
      "name": "TAMPON",
      "description": null
    }
  },
  {
    "model": "cookbook.nature",
    "pk": 3,
    "fields": {
      "name": "OLIGO",
      "description": null
    }
  },
  {
    "model": "cookbook.nature",
    "pk": 4,
    "fields": {
      "name": "TAQ",
      "description": null
    }
  },
  {
    "model": "cookbook.nature",
    "pk": 5,
    "fields": {
      "name": "DNTP",
      "description": null
    }
  },
  {
    "model": "cookbook.program",
    "pk": 1,
    "fields": {
      "name": "GENONPY",
      "description": null
    }
  },
  {
    "model": "cookbook.program",
    "pk": 2,
    "fields": {
      "name": "INTRACRE",
      "description": null
    }
  },
  {
    "model": "cookbook.program",
    "pk": 3,
    "fields": {
      "name": "GCAMP",
      "description": null
    }
  },
  {
    "model": "cookbook.program",
    "pk": 4,
    "fields": {
      "name": "SSTCRE",
      "description": null
    }
  },
  {
    "model": "cookbook.program",
    "pk": 5,
    "fields": {
      "name": "SEPW1",
      "description": null
    }
  },
  {
    "model": "cookbook.program",
    "pk": 6,
    "fields": {
      "name": "CHATCRE",
      "description": null
    }
  },
  {
    "model": "cookbook.program",
    "pk": 7,
    "fields": {
      "name": "PVCRE",
      "description": null
    }
  },
  {
    "model": "cookbook.program",
    "pk": 8,
    "fields": {
      "name": "GRIN1",
      "description": null
    }
  },
  {
    "model": "cookbook.program",
    "pk": 9,
    "fields": {
      "name": "MTOR",
      "description": null
    }
  },
  {
    "model": "cookbook.program",
    "pk": 10,
    "fields": {
      "name": "D1GFP",
      "description": null
    }
  },
  {
    "model": "cookbook.program",
    "pk": 11,
    "fields": {
      "name": "CHR",
      "description": ""
    }
  },
  {
    "model": "cookbook.recipe",
    "pk": 21,
    "fields": {
      "name": "A2ACRE",
      "description": ""
    }
  },
  {
    "model": "cookbook.recipe",
    "pk": 22,
    "fields": {
      "name": "DRD1CRE",
      "description": ""
    }
  },
  {
    "model": "cookbook.recipe",
    "pk": 23,
    "fields": {
      "name": "DATCRE",
      "description": ""
    }
  },
  {
    "model": "cookbook.recipe",
    "pk": 24,
    "fields": {
      "name": "GAD2CRE",
      "description": ""
    }
  },
  {
    "model": "cookbook.recipe",
    "pk": 25,
    "fields": {
      "name": "PVFLP",
      "description": ""
    }
  },
  {
    "model": "cookbook.recipe",
    "pk": 26,
    "fields": {
      "name": "SERTCRE",
      "description": ""
    }
  },
  {
    "model": "cookbook.recipe",
    "pk": 27,
    "fields": {
      "name": "DBHCRE",
      "description": ""
    }
  },
  {
    "model": "cookbook.recipe",
    "pk": 28,
    "fields": {
      "name": "INTRACRE",
      "description": ""
    }
  },
  {
    "model": "cookbook.recipe",
    "pk": 29,
    "fields": {
      "name": "ROSA123",
      "description": ""
    }
  },
  {
    "model": "cookbook.recipe",
    "pk": 30,
    "fields": {
      "name": "SLC17CRE",
      "description": ""
    }
  },
  {
    "model": "cookbook.recipe",
    "pk": 31,
    "fields": {
      "name": "GCAMP",
      "description": ""
    }
  },
  {
    "model": "cookbook.recipe",
    "pk": 32,
    "fields": {
      "name": "D1FLP",
      "description": ""
    }
  },
  {
    "model": "cookbook.recipe",
    "pk": 33,
    "fields": {
      "name": "MTOR",
      "description": ""
    }
  },
  {
    "model": "cookbook.recipe",
    "pk": 34,
    "fields": {
      "name": "D1GFP",
      "description": ""
    }
  },
  {
    "model": "cookbook.recipe",
    "pk": 35,
    "fields": {
      "name": "PVCRE",
      "description": ""
    }
  },
  {
    "model": "cookbook.recipe",
    "pk": 36,
    "fields": {
      "name": "SEPW1",
      "description": ""
    }
  },
  {
    "model": "cookbook.recipe",
    "pk": 37,
    "fields": {
      "name": "CHATCRE",
      "description": ""
    }
  },
  {
    "model": "cookbook.recipe",
    "pk": 38,
    "fields": {
      "name": "SSTCRE",
      "description": ""
    }
  },
  {
    "model": "cookbook.recipe",
    "pk": 39,
    "fields": {
      "name": "SYT17CRE",
      "description": ""
    }
  },
  {
    "model": "cookbook.recipe",
    "pk": 40,
    "fields": {
      "name": "GRIN",
      "description": ""
    }
  },
  {
    "model": "cookbook.recipe",
    "pk": 41,
    "fields": {
      "name": "DRD1TOMATO",
      "description": ""
    }
  },
  {
    "model": "cookbook.recipe",
    "pk": 42,
    "fields": {
      "name": "D2CRE",
      "description": ""
    }
  },
  {
    "model": "cookbook.recipe",
    "pk": 43,
    "fields": {
      "name": "ROSA26CHRTOMATO",
      "description": ""
    }
  },
  {
    "model": "cookbook.recipeitem",
    "pk": 3,
    "fields": {
      "recipe": 21,
      "ingredient": 1,
      "volume": 17.75
    }
  },
  {
    "model": "cookbook.recipeitem",
    "pk": 4,
    "fields": {
      "recipe": 21,
      "ingredient": 2,
      "volume": 2.5
    }
  },
  {
    "model": "cookbook.recipeitem",
    "pk": 5,
    "fields": {
      "recipe": 21,
      "ingredient": 4,
      "volume": 0.5
    }
  },
  {
    "model": "cookbook.recipeitem",
    "pk": 6,
    "fields": {
      "recipe": 21,
      "ingredient": 5,
      "volume": 1.0
    }
  },
  {
    "model": "cookbook.recipeitem",
    "pk": 7,
    "fields": {
      "recipe": 21,
      "ingredient": 7,
      "volume": 0.125
    }
  },
  {
    "model": "cookbook.recipeitem",
    "pk": 8,
    "fields": {
      "recipe": 21,
      "ingredient": 8,
      "volume": 0.125
    }
  },
  {
    "model": "cookbook.recipeitem",
    "pk": 9,
    "fields": {
      "recipe": 22,
      "ingredient": 1,
      "volume": 12.0
    }
  },
  {
    "model": "cookbook.recipeitem",
    "pk": 10,
    "fields": {
      "recipe": 22,
      "ingredient": 2,
      "volume": 2.5
    }
  },
  {
    "model": "cookbook.recipeitem",
    "pk": 11,
    "fields": {
      "recipe": 22,
      "ingredient": 3,
      "volume": 5.0
    }
  },
  {
    "model": "cookbook.recipeitem",
    "pk": 12,
    "fields": {
      "recipe": 22,
      "ingredient": 5,
      "volume": 1.0
    }
  },
  {
    "model": "cookbook.recipeitem",
    "pk": 13,
    "fields": {
      "recipe": 22,
      "ingredient": 4,
      "volume": 0.5
    }
  },
  {
    "model": "cookbook.recipeitem",
    "pk": 14,
    "fields": {
      "recipe": 22,
      "ingredient": 59,
      "volume": 1.0
    }
  },
  {
    "model": "cookbook.recipeitem",
    "pk": 18,
    "fields": {
      "recipe": 23,
      "ingredient": 2,
      "volume": 2.5
    }
  },
  {
    "model": "cookbook.recipeitem",
    "pk": 19,
    "fields": {
      "recipe": 23,
      "ingredient": 4,
      "volume": 0.5
    }
  },
  {
    "model": "cookbook.recipeitem",
    "pk": 20,
    "fields": {
      "recipe": 23,
      "ingredient": 5,
      "volume": 1.0
    }
  },
  {
    "model": "cookbook.recipeitem",
    "pk": 21,
    "fields": {
      "recipe": 23,
      "ingredient": 59,
      "volume": 1.0
    }
  },
  {
    "model": "cookbook.recipeitem",
    "pk": 22,
    "fields": {
      "recipe": 23,
      "ingredient": 1,
      "volume": 17.0
    }
  },
  {
    "model": "cookbook.recipeitem",
    "pk": 23,
    "fields": {
      "recipe": 24,
      "ingredient": 2,
      "volume": 2.5
    }
  },
  {
    "model": "cookbook.recipeitem",
    "pk": 24,
    "fields": {
      "recipe": 24,
      "ingredient": 4,
      "volume": 0.5
    }
  },
  {
    "model": "cookbook.recipeitem",
    "pk": 25,
    "fields": {
      "recipe": 24,
      "ingredient": 5,
      "volume": 1.0
    }
  },
  {
    "model": "cookbook.recipeitem",
    "pk": 26,
    "fields": {
      "recipe": 24,
      "ingredient": 13,
      "volume": 1.0
    }
  },
  {
    "model": "cookbook.recipeitem",
    "pk": 27,
    "fields": {
      "recipe": 24,
      "ingredient": 16,
      "volume": 1.0
    }
  },
  {
    "model": "cookbook.recipeitem",
    "pk": 28,
    "fields": {
      "recipe": 24,
      "ingredient": 1,
      "volume": 16.0
    }
  },
  {
    "model": "cookbook.recipeitem",
    "pk": 29,
    "fields": {
      "recipe": 39,
      "ingredient": 2,
      "volume": 2.5
    }
  },
  {
    "model": "cookbook.recipeitem",
    "pk": 30,
    "fields": {
      "recipe": 39,
      "ingredient": 4,
      "volume": 0.5
    }
  },
  {
    "model": "cookbook.recipeitem",
    "pk": 31,
    "fields": {
      "recipe": 39,
      "ingredient": 5,
      "volume": 1.0
    }
  },
  {
    "model": "cookbook.recipeitem",
    "pk": 32,
    "fields": {
      "recipe": 39,
      "ingredient": 59,
      "volume": 1.0
    }
  },
  {
    "model": "cookbook.recipeitem",
    "pk": 33,
    "fields": {
      "recipe": 39,
      "ingredient": 1,
      "volume": 17.0
    }
  },
  {
    "model": "cookbook.recipeitem",
    "pk": 34,
    "fields": {
      "recipe": 26,
      "ingredient": 2,
      "volume": 2.5
    }
  },
  {
    "model": "cookbook.recipeitem",
    "pk": 35,
    "fields": {
      "recipe": 26,
      "ingredient": 3,
      "volume": 5.0
    }
  },
  {
    "model": "cookbook.recipeitem",
    "pk": 36,
    "fields": {
      "recipe": 26,
      "ingredient": 4,
      "volume": 0.5
    }
  },
  {
    "model": "cookbook.recipeitem",
    "pk": 37,
    "fields": {
      "recipe": 26,
      "ingredient": 5,
      "volume": 1.0
    }
  },
  {
    "model": "cookbook.recipeitem",
    "pk": 38,
    "fields": {
      "recipe": 26,
      "ingredient": 59,
      "volume": 1.0
    }
  },
  {
    "model": "cookbook.recipeitem",
    "pk": 39,
    "fields": {
      "recipe": 26,
      "ingredient": 1,
      "volume": 12.0
    }
  },
  {
    "model": "cookbook.recipeitem",
    "pk": 40,
    "fields": {
      "recipe": 27,
      "ingredient": 2,
      "volume": 2.5
    }
  },
  {
    "model": "cookbook.recipeitem",
    "pk": 41,
    "fields": {
      "recipe": 27,
      "ingredient": 3,
      "volume": 5.0
    }
  },
  {
    "model": "cookbook.recipeitem",
    "pk": 42,
    "fields": {
      "recipe": 27,
      "ingredient": 4,
      "volume": 0.5
    }
  },
  {
    "model": "cookbook.recipeitem",
    "pk": 43,
    "fields": {
      "recipe": 27,
      "ingredient": 5,
      "volume": 1.0
    }
  },
  {
    "model": "cookbook.recipeitem",
    "pk": 44,
    "fields": {
      "recipe": 27,
      "ingredient": 59,
      "volume": 1.0
    }
  },
  {
    "model": "cookbook.recipeitem",
    "pk": 45,
    "fields": {
      "recipe": 27,
      "ingredient": 1,
      "volume": 12.0
    }
  },
  {
    "model": "cookbook.recipeitem",
    "pk": 46,
    "fields": {
      "recipe": 28,
      "ingredient": 2,
      "volume": 2.5
    }
  },
  {
    "model": "cookbook.recipeitem",
    "pk": 47,
    "fields": {
      "recipe": 28,
      "ingredient": 4,
      "volume": 0.5
    }
  },
  {
    "model": "cookbook.recipeitem",
    "pk": 48,
    "fields": {
      "recipe": 28,
      "ingredient": 5,
      "volume": 1.0
    }
  },
  {
    "model": "cookbook.recipeitem",
    "pk": 49,
    "fields": {
      "recipe": 28,
      "ingredient": 22,
      "volume": 0.125
    }
  },
  {
    "model": "cookbook.recipeitem",
    "pk": 50,
    "fields": {
      "recipe": 28,
      "ingredient": 23,
      "volume": 0.125
    }
  },
  {
    "model": "cookbook.recipeitem",
    "pk": 51,
    "fields": {
      "recipe": 28,
      "ingredient": 1,
      "volume": 17.75
    }
  },
  {
    "model": "cookbook.recipeitem",
    "pk": 52,
    "fields": {
      "recipe": 29,
      "ingredient": 2,
      "volume": 2.5
    }
  },
  {
    "model": "cookbook.recipeitem",
    "pk": 53,
    "fields": {
      "recipe": 29,
      "ingredient": 3,
      "volume": 5.0
    }
  },
  {
    "model": "cookbook.recipeitem",
    "pk": 54,
    "fields": {
      "recipe": 29,
      "ingredient": 4,
      "volume": 0.5
    }
  },
  {
    "model": "cookbook.recipeitem",
    "pk": 55,
    "fields": {
      "recipe": 29,
      "ingredient": 5,
      "volume": 1.0
    }
  },
  {
    "model": "cookbook.recipeitem",
    "pk": 56,
    "fields": {
      "recipe": 29,
      "ingredient": 24,
      "volume": 0.125
    }
  },
  {
    "model": "cookbook.recipeitem",
    "pk": 57,
    "fields": {
      "recipe": 29,
      "ingredient": 25,
      "volume": 0.125
    }
  },
  {
    "model": "cookbook.recipeitem",
    "pk": 58,
    "fields": {
      "recipe": 29,
      "ingredient": 26,
      "volume": 0.125
    }
  },
  {
    "model": "cookbook.recipeitem",
    "pk": 59,
    "fields": {
      "recipe": 29,
      "ingredient": 1,
      "volume": 12.625
    }
  },
  {
    "model": "cookbook.recipeitem",
    "pk": 60,
    "fields": {
      "recipe": 30,
      "ingredient": 2,
      "volume": 2.5
    }
  },
  {
    "model": "cookbook.recipeitem",
    "pk": 61,
    "fields": {
      "recipe": 30,
      "ingredient": 4,
      "volume": 0.5
    }
  },
  {
    "model": "cookbook.recipeitem",
    "pk": 62,
    "fields": {
      "recipe": 30,
      "ingredient": 5,
      "volume": 1.0
    }
  },
  {
    "model": "cookbook.recipeitem",
    "pk": 63,
    "fields": {
      "recipe": 30,
      "ingredient": 28,
      "volume": 0.125
    }
  },
  {
    "model": "cookbook.recipeitem",
    "pk": 64,
    "fields": {
      "recipe": 30,
      "ingredient": 27,
      "volume": 0.125
    }
  },
  {
    "model": "cookbook.recipeitem",
    "pk": 65,
    "fields": {
      "recipe": 30,
      "ingredient": 1,
      "volume": 17.75
    }
  },
  {
    "model": "cookbook.recipeitem",
    "pk": 66,
    "fields": {
      "recipe": 31,
      "ingredient": 2,
      "volume": 2.5
    }
  },
  {
    "model": "cookbook.recipeitem",
    "pk": 67,
    "fields": {
      "recipe": 31,
      "ingredient": 4,
      "volume": 0.5
    }
  },
  {
    "model": "cookbook.recipeitem",
    "pk": 68,
    "fields": {
      "recipe": 31,
      "ingredient": 5,
      "volume": 1.0
    }
  },
  {
    "model": "cookbook.recipeitem",
    "pk": 69,
    "fields": {
      "recipe": 31,
      "ingredient": 59,
      "volume": 1.0
    }
  },
  {
    "model": "cookbook.recipeitem",
    "pk": 70,
    "fields": {
      "recipe": 31,
      "ingredient": 1,
      "volume": 17.0
    }
  },
  {
    "model": "cookbook.recipeitem",
    "pk": 71,
    "fields": {
      "recipe": 32,
      "ingredient": 2,
      "volume": 2.5
    }
  },
  {
    "model": "cookbook.recipeitem",
    "pk": 72,
    "fields": {
      "recipe": 32,
      "ingredient": 4,
      "volume": 0.5
    }
  },
  {
    "model": "cookbook.recipeitem",
    "pk": 73,
    "fields": {
      "recipe": 32,
      "ingredient": 5,
      "volume": 1.0
    }
  },
  {
    "model": "cookbook.recipeitem",
    "pk": 74,
    "fields": {
      "recipe": 32,
      "ingredient": 59,
      "volume": 1.0
    }
  },
  {
    "model": "cookbook.recipeitem",
    "pk": 75,
    "fields": {
      "recipe": 32,
      "ingredient": 1,
      "volume": 17.0
    }
  },
  {
    "model": "cookbook.recipeitem",
    "pk": 76,
    "fields": {
      "recipe": 38,
      "ingredient": 2,
      "volume": 2.5
    }
  },
  {
    "model": "cookbook.recipeitem",
    "pk": 77,
    "fields": {
      "recipe": 38,
      "ingredient": 4,
      "volume": 0.5
    }
  },
  {
    "model": "cookbook.recipeitem",
    "pk": 78,
    "fields": {
      "recipe": 38,
      "ingredient": 5,
      "volume": 1.0
    }
  },
  {
    "model": "cookbook.recipeitem",
    "pk": 79,
    "fields": {
      "recipe": 38,
      "ingredient": 37,
      "volume": 1.0
    }
  },
  {
    "model": "cookbook.recipeitem",
    "pk": 80,
    "fields": {
      "recipe": 38,
      "ingredient": 38,
      "volume": 1.0
    }
  },
  {
    "model": "cookbook.recipeitem",
    "pk": 81,
    "fields": {
      "recipe": 38,
      "ingredient": 39,
      "volume": 1.0
    }
  },
  {
    "model": "cookbook.recipeitem",
    "pk": 82,
    "fields": {
      "recipe": 38,
      "ingredient": 1,
      "volume": 15.0
    }
  },
  {
    "model": "cookbook.recipeitem",
    "pk": 83,
    "fields": {
      "recipe": 36,
      "ingredient": 2,
      "volume": 2.5
    }
  },
  {
    "model": "cookbook.recipeitem",
    "pk": 84,
    "fields": {
      "recipe": 36,
      "ingredient": 3,
      "volume": 5.0
    }
  },
  {
    "model": "cookbook.recipeitem",
    "pk": 85,
    "fields": {
      "recipe": 36,
      "ingredient": 4,
      "volume": 0.5
    }
  },
  {
    "model": "cookbook.recipeitem",
    "pk": 86,
    "fields": {
      "recipe": 36,
      "ingredient": 5,
      "volume": 1.0
    }
  },
  {
    "model": "cookbook.recipeitem",
    "pk": 87,
    "fields": {
      "recipe": 36,
      "ingredient": 40,
      "volume": 1.0
    }
  },
  {
    "model": "cookbook.recipeitem",
    "pk": 88,
    "fields": {
      "recipe": 36,
      "ingredient": 41,
      "volume": 1.0
    }
  },
  {
    "model": "cookbook.recipeitem",
    "pk": 89,
    "fields": {
      "recipe": 36,
      "ingredient": 1,
      "volume": 11.0
    }
  },
  {
    "model": "cookbook.recipeitem",
    "pk": 90,
    "fields": {
      "recipe": 37,
      "ingredient": 2,
      "volume": 2.5
    }
  },
  {
    "model": "cookbook.recipeitem",
    "pk": 91,
    "fields": {
      "recipe": 37,
      "ingredient": 3,
      "volume": 5.0
    }
  },
  {
    "model": "cookbook.recipeitem",
    "pk": 92,
    "fields": {
      "recipe": 37,
      "ingredient": 4,
      "volume": 0.5
    }
  },
  {
    "model": "cookbook.recipeitem",
    "pk": 93,
    "fields": {
      "recipe": 37,
      "ingredient": 5,
      "volume": 1.0
    }
  },
  {
    "model": "cookbook.recipeitem",
    "pk": 94,
    "fields": {
      "recipe": 37,
      "ingredient": 43,
      "volume": 1.0
    }
  },
  {
    "model": "cookbook.recipeitem",
    "pk": 95,
    "fields": {
      "recipe": 37,
      "ingredient": 42,
      "volume": 1.0
    }
  },
  {
    "model": "cookbook.recipeitem",
    "pk": 96,
    "fields": {
      "recipe": 37,
      "ingredient": 1,
      "volume": 11.0
    }
  },
  {
    "model": "cookbook.recipeitem",
    "pk": 97,
    "fields": {
      "recipe": 35,
      "ingredient": 2,
      "volume": 2.5
    }
  },
  {
    "model": "cookbook.recipeitem",
    "pk": 98,
    "fields": {
      "recipe": 35,
      "ingredient": 4,
      "volume": 0.5
    }
  },
  {
    "model": "cookbook.recipeitem",
    "pk": 99,
    "fields": {
      "recipe": 35,
      "ingredient": 5,
      "volume": 1.0
    }
  },
  {
    "model": "cookbook.recipeitem",
    "pk": 100,
    "fields": {
      "recipe": 35,
      "ingredient": 45,
      "volume": 1.0
    }
  },
  {
    "model": "cookbook.recipeitem",
    "pk": 101,
    "fields": {
      "recipe": 35,
      "ingredient": 46,
      "volume": 1.0
    }
  },
  {
    "model": "cookbook.recipeitem",
    "pk": 102,
    "fields": {
      "recipe": 35,
      "ingredient": 1,
      "volume": 16.0
    }
  },
  {
    "model": "cookbook.recipeitem",
    "pk": 103,
    "fields": {
      "recipe": 40,
      "ingredient": 2,
      "volume": 2.5
    }
  },
  {
    "model": "cookbook.recipeitem",
    "pk": 104,
    "fields": {
      "recipe": 40,
      "ingredient": 3,
      "volume": 5.0
    }
  },
  {
    "model": "cookbook.recipeitem",
    "pk": 105,
    "fields": {
      "recipe": 40,
      "ingredient": 4,
      "volume": 0.5
    }
  },
  {
    "model": "cookbook.recipeitem",
    "pk": 106,
    "fields": {
      "recipe": 40,
      "ingredient": 5,
      "volume": 1.0
    }
  },
  {
    "model": "cookbook.recipeitem",
    "pk": 107,
    "fields": {
      "recipe": 40,
      "ingredient": 48,
      "volume": 0.125
    }
  },
  {
    "model": "cookbook.recipeitem",
    "pk": 108,
    "fields": {
      "recipe": 40,
      "ingredient": 49,
      "volume": 0.125
    }
  },
  {
    "model": "cookbook.recipeitem",
    "pk": 109,
    "fields": {
      "recipe": 40,
      "ingredient": 1,
      "volume": 12.75
    }
  },
  {
    "model": "cookbook.recipeitem",
    "pk": 110,
    "fields": {
      "recipe": 25,
      "ingredient": 2,
      "volume": 2.5
    }
  },
  {
    "model": "cookbook.recipeitem",
    "pk": 111,
    "fields": {
      "recipe": 25,
      "ingredient": 1,
      "volume": 17.0
    }
  },
  {
    "model": "cookbook.recipeitem",
    "pk": 112,
    "fields": {
      "recipe": 33,
      "ingredient": 2,
      "volume": 2.5
    }
  },
  {
    "model": "cookbook.recipeitem",
    "pk": 113,
    "fields": {
      "recipe": 33,
      "ingredient": 4,
      "volume": 0.5
    }
  },
  {
    "model": "cookbook.recipeitem",
    "pk": 114,
    "fields": {
      "recipe": 34,
      "ingredient": 2,
      "volume": 2.5
    }
  },
  {
    "model": "cookbook.recipeitem",
    "pk": 115,
    "fields": {
      "recipe": 34,
      "ingredient": 1,
      "volume": 21.0
    }
  },
  {
    "model": "cookbook.recipeitem",
    "pk": 116,
    "fields": {
      "recipe": 33,
      "ingredient": 3,
      "volume": 5.0
    }
  },
  {
    "model": "cookbook.recipeitem",
    "pk": 117,
    "fields": {
      "recipe": 33,
      "ingredient": 5,
      "volume": 1.0
    }
  },
  {
    "model": "cookbook.recipeitem",
    "pk": 118,
    "fields": {
      "recipe": 33,
      "ingredient": 51,
      "volume": 1.0
    }
  },
  {
    "model": "cookbook.recipeitem",
    "pk": 119,
    "fields": {
      "recipe": 41,
      "ingredient": 2,
      "volume": 2.5
    }
  },
  {
    "model": "cookbook.recipeitem",
    "pk": 120,
    "fields": {
      "recipe": 41,
      "ingredient": 4,
      "volume": 0.5
    }
  },
  {
    "model": "cookbook.recipeitem",
    "pk": 121,
    "fields": {
      "recipe": 41,
      "ingredient": 5,
      "volume": 1.0
    }
  },
  {
    "model": "cookbook.recipeitem",
    "pk": 122,
    "fields": {
      "recipe": 41,
      "ingredient": 62,
      "volume": 1.0
    }
  },
  {
    "model": "cookbook.recipeitem",
    "pk": 123,
    "fields": {
      "recipe": 41,
      "ingredient": 63,
      "volume": 1.0
    }
  },
  {
    "model": "cookbook.recipeitem",
    "pk": 124,
    "fields": {
      "recipe": 34,
      "ingredient": 3,
      "volume": 5.0
    }
  },
  {
    "model": "cookbook.recipeitem",
    "pk": 125,
    "fields": {
      "recipe": 34,
      "ingredient": 4,
      "volume": 0.5
    }
  },
  {
    "model": "cookbook.recipeitem",
    "pk": 126,
    "fields": {
      "recipe": 34,
      "ingredient": 5,
      "volume": 1.0
    }
  },
  {
    "model": "cookbook.recipeitem",
    "pk": 127,
    "fields": {
      "recipe": 34,
      "ingredient": 53,
      "volume": 1.0
    }
  },
  {
    "model": "cookbook.recipeitem",
    "pk": 128,
    "fields": {
      "recipe": 34,
      "ingredient": 54,
      "volume": 1.0
    }
  },
  {
    "model": "cookbook.recipeitem",
    "pk": 129,
    "fields": {
      "recipe": 42,
      "ingredient": 2,
      "volume": 2.5
    }
  },
  {
    "model": "cookbook.recipeitem",
    "pk": 130,
    "fields": {
      "recipe": 42,
      "ingredient": 4,
      "volume": 0.5
    }
  },
  {
    "model": "cookbook.recipeitem",
    "pk": 131,
    "fields": {
      "recipe": 42,
      "ingredient": 5,
      "volume": 1.0
    }
  },
  {
    "model": "cookbook.recipeitem",
    "pk": 132,
    "fields": {
      "recipe": 42,
      "ingredient": 64,
      "volume": 0.125
    }
  },
  {
    "model": "cookbook.recipeitem",
    "pk": 133,
    "fields": {
      "recipe": 42,
      "ingredient": 65,
      "volume": 0.125
    }
  },
  {
    "model": "cookbook.recipeitem",
    "pk": 134,
    "fields": {
      "recipe": 42,
      "ingredient": 1,
      "volume": 17.75
    }
  },
  {
    "model": "cookbook.recipeitem",
    "pk": 135,
    "fields": {
      "recipe": 25,
      "ingredient": 4,
      "volume": 0.5
    }
  },
  {
    "model": "cookbook.recipeitem",
    "pk": 136,
    "fields": {
      "recipe": 25,
      "ingredient": 5,
      "volume": 1.0
    }
  },
  {
    "model": "cookbook.recipeitem",
    "pk": 137,
    "fields": {
      "recipe": 25,
      "ingredient": 59,
      "volume": 1.0
    }
  },
  {
    "model": "cookbook.recipeitem",
    "pk": 138,
    "fields": {
      "recipe": 43,
      "ingredient": 2,
      "volume": 2.5
    }
  },
  {
    "model": "cookbook.recipeitem",
    "pk": 139,
    "fields": {
      "recipe": 43,
      "ingredient": 4,
      "volume": 0.5
    }
  },
  {
    "model": "cookbook.recipeitem",
    "pk": 140,
    "fields": {
      "recipe": 43,
      "ingredient": 5,
      "volume": 1.0
    }
  },
  {
    "model": "cookbook.recipeitem",
    "pk": 141,
    "fields": {
      "recipe": 43,
      "ingredient": 66,
      "volume": 1.0
    }
  },
  {
    "model": "cookbook.recipeitem",
    "pk": 142,
    "fields": {
      "recipe": 43,
      "ingredient": 1,
      "volume": 1.0
    }
  }
]